<odoo>
    <data>
<!--
        <record id="paziente1" model="clinical.category">
            <field name="name">paziente 1</field>
            <field name="value">13</field>
        </record> -->

        <!--   <record id="object1" model="clinical.clinical"> -->
        <!--     <field name="name">Object 1</field> -->
        <!--     <field name="value">10</field> -->
        <!--   </record> -->
        <!--  -->
        <!--   <record id="object2" model="clinical.clinical"> -->
        <!--     <field name="name">Object 2</field> -->
        <!--     <field name="value">20</field> -->
        <!--   </record> -->
        <!--  -->
        <!--   <record id="object3" model="clinical.clinical"> -->
        <!--     <field name="name">Object 3</field> -->
        <!--     <field name="value">30</field> -->
        <!--   </record> -->
        <!--  -->
        <!--   <record id="object4" model="clinical.clinical"> -->
        <!--     <field name="name">Object 4</field> -->
        <!--     <field name="value">40</field> -->
        <!--   </record> -->
        <!--  -->
    </data>
</odoo>