id,name,model_id:id,group_id:id,perm_read,perm_write,perm_create,perm_unlink
access_clinical_patient,clinical.patient,model_clinical_patient,base.group_user,1,1,1,1
access_clinical_category,clinical.category,model_clinical_category,base.group_user,1,1,1,1
access_clinical_code,clinical.code,model_clinical_code,base.group_user,1,1,1,1
access_category_parent,category.parent,model_category_parent,base.group_user,1,1,1,1
access_category_child,category.child,model_category_child,base.group_user,1,1,1,1
